year,gini_forecast,gdp_forecast,gdp_growth,employment_rate,avg_income,income_std,gdp_declined,gdp_source
111,0.5586323369829406,863913.4149229263,-2.579113922036268,0.9392272006160497,1739.5950963711591,2307.186372667052,1,provided
112,0.5540361095105325,841632.1037643101,-2.579113922036276,0.9399996143007774,1709.6843368261132,2315.8737072689983,1,provided
113,0.5586546940638393,819925.4530037981,-2.57911392203626,0.9405403038800868,1680.2878656568093,2322.823574950555,1,provided
114,0.5545446092827552,798778.6414950582,-2.5791139220362744,0.9409187865856034,1651.3968401411819,2328.3834690958006,1,provided
115,0.5592903499278686,778177.2303460069,-2.5791139220362753,0.941183724479465,1623.0025695997497,2332.831384411997,1,provided
