Year,Baseline_GDP,Policy_Adjusted_GDP,Difference,Improvement_%
111,955366.5079661565,955366.5079661565,0.0,0.0
112,937597.8461629369,948697.7158461557,11099.86968321877,1.1838625407091456
113,918549.667734869,936743.8142180878,18194.146483218763,1.980747162870929
114,898171.7904394153,923460.213722634,25288.423283218755,2.8155441478346614
115,876413.1577483669,953135.0878315857,76721.93008321873,8.754082410210334
